Workbook

Sheet 说明
A1: 多渠道模型测试报告（模板）
A2: 用途 | B2: 统一对比“同一模型 × 不同渠道”的服务能力。汇总表与评分模型的公式自动从四张明细表取值。
A3: 1. 明细表 | B3: 性能明细：TTFT/速度/E2E/推理tokens/缓存tokens/chunk分布；错误行只填“错误类型/错误详情”，其余留空（公式自动排除）。 兼容性明细：结果填 通过/失败，失败表现记录具体现象（未返回 tool_calls、输出非 JSON 等）。 质量明细：来自 HuggingFace（GSM8K/TruthfulQA）的判分结果。 长上下文明细：检索成功填 是/否/跳过。
A4: 2. 汇总表 | B4: TTFT均值/速度/E2E/错误率/兼容率/质量正确率/检索率均为公式；TTFT P50/P95 由 export_report.py 计算写入。
A5: 3. 评分模型 | B5: 性能得分=平均(TTFT,速度,E2E 得分)；兼容得分=通过率×100；质量得分=正确率×100；长上下文得分=检索率×100； 总评分=性能×0.3+兼容×0.2+质量×0.3+长上下文×0.2（权重在评分模型表 L2:M5 可改）。
A6: 注意 | B6: 模板预填了两条示例渠道数据用于演示公式，正式使用请用 export_report.py 回填真实结果。

Sheet 汇总表
A1: 模型@渠道 | B1: TTFT均值(ms) | C1: TTFT P50(ms) | D1: TTFT P95(ms) | E1: 速度均值(tok/s) | F1: E2E均值(ms) | G1: 错误率(%) | H1: 兼容通过率(%) | I1: 质量正确率(%) | J1: 长上下文检索率(%) | K1: 备注
A2: EasyRouter(示例) | B2: =IFERROR(ROUND(AVERAGEIFS(性能明细!$D$2:$D$2000,性能明细!$C$2:$C$2000,$A2,性能明细!$O$2:$O$2000,""),1),"") | E2: =IFERROR(ROUND(AVERAGEIFS(性能明细!$I$2:$I$2000,性能明细!$C$2:$C$2000,$A2,性能明细!$O$2:$O$2000,""),2),"") | F2: =IFERROR(ROUND(AVERAGEIFS(性能明细!$F$2:$F$2000,性能明细!$C$2:$C$2000,$A2,性能明细!$O$2:$O$2000,""),1),"") | G2: =IFERROR(ROUND(COUNTIFS(性能明细!$C$2:$C$2000,$A2,性能明细!$O$2:$O$2000,"error")/COUNTIF(性能明细!$C$2:$C$2000,$A2)*100,1),"") | H2: =IFERROR(ROUND(COUNTIFS(兼容性明细!$C$2:$C$2000,$A2,兼容性明细!$D$2:$D$2000,"通过")/COUNTIF(兼容性明细!$C$2:$C$2000,$A2)*100,1),"") | I2: =IFERROR(ROUND(COUNTIFS(质量明细!$C$2:$C$2000,$A2,质量明细!$D$2:$D$2000,"通过")/COUNTIF(质量明细!$C$2:$C$2000,$A2)*100,1),"") | J2: =IFERROR(ROUND(COUNTIFS(长上下文明细!$B$2:$B$2000,$A2,长上下文明细!$D$2:$D$2000,"是")/COUNTIFS(长上下文明细!$B$2:$B$2000,$A2,长上下文明细!$D$2:$D$2000,"<>跳过")*100,1),"")
A3: Mayi(示例) | B3: =IFERROR(ROUND(AVERAGEIFS(性能明细!$D$2:$D$2000,性能明细!$C$2:$C$2000,$A3,性能明细!$O$2:$O$2000,""),1),"") | E3: =IFERROR(ROUND(AVERAGEIFS(性能明细!$I$2:$I$2000,性能明细!$C$2:$C$2000,$A3,性能明细!$O$2:$O$2000,""),2),"") | F3: =IFERROR(ROUND(AVERAGEIFS(性能明细!$F$2:$F$2000,性能明细!$C$2:$C$2000,$A3,性能明细!$O$2:$O$2000,""),1),"") | G3: =IFERROR(ROUND(COUNTIFS(性能明细!$C$2:$C$2000,$A3,性能明细!$O$2:$O$2000,"error")/COUNTIF(性能明细!$C$2:$C$2000,$A3)*100,1),"") | H3: =IFERROR(ROUND(COUNTIFS(兼容性明细!$C$2:$C$2000,$A3,兼容性明细!$D$2:$D$2000,"通过")/COUNTIF(兼容性明细!$C$2:$C$2000,$A3)*100,1),"") | I3: =IFERROR(ROUND(COUNTIFS(质量明细!$C$2:$C$2000,$A3,质量明细!$D$2:$D$2000,"通过")/COUNTIF(质量明细!$C$2:$C$2000,$A3)*100,1),"") | J3: =IFERROR(ROUND(COUNTIFS(长上下文明细!$B$2:$B$2000,$A3,长上下文明细!$D$2:$D$2000,"是")/COUNTIFS(长上下文明细!$B$2:$B$2000,$A3,长上下文明细!$D$2:$D$2000,"<>跳过")*100,1),"")
B4: =IFERROR(ROUND(AVERAGEIFS(性能明细!$D$2:$D$2000,性能明细!$C$2:$C$2000,$A4,性能明细!$O$2:$O$2000,""),1),"") | E4: =IFERROR(ROUND(AVERAGEIFS(性能明细!$I$2:$I$2000,性能明细!$C$2:$C$2000,$A4,性能明细!$O$2:$O$2000,""),2),"") | F4: =IFERROR(ROUND(AVERAGEIFS(性能明细!$F$2:$F$2000,性能明细!$C$2:$C$2000,$A4,性能明细!$O$2:$O$2000,""),1),"") | G4: =IFERROR(ROUND(COUNTIFS(性能明细!$C$2:$C$2000,$A4,性能明细!$O$2:$O$2000,"error")/COUNTIF(性能明细!$C$2:$C$2000,$A4)*100,1),"") | H4: =IFERROR(ROUND(COUNTIFS(兼容性明细!$C$2:$C$2000,$A4,兼容性明细!$D$2:$D$2000,"通过")/COUNTIF(兼容性明细!$C$2:$C$2000,$A4)*100,1),"") | I4: =IFERROR(ROUND(COUNTIFS(质量明细!$C$2:$C$2000,$A4,质量明细!$D$2:$D$2000,"通过")/COUNTIF(质量明细!$C$2:$C$2000,$A4)*100,1),"") | J4: =IFERROR(ROUND(COUNTIFS(长上下文明细!$B$2:$B$2000,$A4,长上下文明细!$D$2:$D$2000,"是")/COUNTIFS(长上下文明细!$B$2:$B$2000,$A4,长上下文明细!$D$2:$D$2000,"<>跳过")*100,1),"")
B5: =IFERROR(ROUND(AVERAGEIFS(性能明细!$D$2:$D$2000,性能明细!$C$2:$C$2000,$A5,性能明细!$O$2:$O$2000,""),1),"") | E5: =IFERROR(ROUND(AVERAGEIFS(性能明细!$I$2:$I$2000,性能明细!$C$2:$C$2000,$A5,性能明细!$O$2:$O$2000,""),2),"") | F5: =IFERROR(ROUND(AVERAGEIFS(性能明细!$F$2:$F$2000,性能明细!$C$2:$C$2000,$A5,性能明细!$O$2:$O$2000,""),1),"") | G5: =IFERROR(ROUND(COUNTIFS(性能明细!$C$2:$C$2000,$A5,性能明细!$O$2:$O$2000,"error")/COUNTIF(性能明细!$C$2:$C$2000,$A5)*100,1),"") | H5: =IFERROR(ROUND(COUNTIFS(兼容性明细!$C$2:$C$2000,$A5,兼容性明细!$D$2:$D$2000,"通过")/COUNTIF(兼容性明细!$C$2:$C$2000,$A5)*100,1),"") | I5: =IFERROR(ROUND(COUNTIFS(质量明细!$C$2:$C$2000,$A5,质量明细!$D$2:$D$2000,"通过")/COUNTIF(质量明细!$C$2:$C$2000,$A5)*100,1),"") | J5: =IFERROR(ROUND(COUNTIFS(长上下文明细!$B$2:$B$2000,$A5,长上下文明细!$D$2:$D$2000,"是")/COUNTIFS(长上下文明细!$B$2:$B$2000,$A5,长上下文明细!$D$2:$D$2000,"<>跳过")*100,1),"")
B6: =IFERROR(ROUND(AVERAGEIFS(性能明细!$D$2:$D$2000,性能明细!$C$2:$C$2000,$A6,性能明细!$O$2:$O$2000,""),1),"") | E6: =IFERROR(ROUND(AVERAGEIFS(性能明细!$I$2:$I$2000,性能明细!$C$2:$C$2000,$A6,性能明细!$O$2:$O$2000,""),2),"") | F6: =IFERROR(ROUND(AVERAGEIFS(性能明细!$F$2:$F$2000,性能明细!$C$2:$C$2000,$A6,性能明细!$O$2:$O$2000,""),1),"") | G6: =IFERROR(ROUND(COUNTIFS(性能明细!$C$2:$C$2000,$A6,性能明细!$O$2:$O$2000,"error")/COUNTIF(性能明细!$C$2:$C$2000,$A6)*100,1),"") | H6: =IFERROR(ROUND(COUNTIFS(兼容性明细!$C$2:$C$2000,$A6,兼容性明细!$D$2:$D$2000,"通过")/COUNTIF(兼容性明细!$C$2:$C$2000,$A6)*100,1),"") | I6: =IFERROR(ROUND(COUNTIFS(质量明细!$C$2:$C$2000,$A6,质量明细!$D$2:$D$2000,"通过")/COUNTIF(质量明细!$C$2:$C$2000,$A6)*100,1),"") | J6: =IFERROR(ROUND(COUNTIFS(长上下文明细!$B$2:$B$2000,$A6,长上下文明细!$D$2:$D$2000,"是")/COUNTIFS(长上下文明细!$B$2:$B$2000,$A6,长上下文明细!$D$2:$D$2000,"<>跳过")*100,1),"")
B7: =IFERROR(ROUND(AVERAGEIFS(性能明细!$D$2:$D$2000,性能明细!$C$2:$C$2000,$A7,性能明细!$O$2:$O$2000,""),1),"") | E7: =IFERROR(ROUND(AVERAGEIFS(性能明细!$I$2:$I$2000,性能明细!$C$2:$C$2000,$A7,性能明细!$O$2:$O$2000,""),2),"") | F7: =IFERROR(ROUND(AVERAGEIFS(性能明细!$F$2:$F$2000,性能明细!$C$2:$C$2000,$A7,性能明细!$O$2:$O$2000,""),1),"") | G7: =IFERROR(ROUND(COUNTIFS(性能明细!$C$2:$C$2000,$A7,性能明细!$O$2:$O$2000,"error")/COUNTIF(性能明细!$C$2:$C$2000,$A7)*100,1),"") | H7: =IFERROR(ROUND(COUNTIFS(兼容性明细!$C$2:$C$2000,$A7,兼容性明细!$D$2:$D$2000,"通过")/COUNTIF(兼容性明细!$C$2:$C$2000,$A7)*100,1),"") | I7: =IFERROR(ROUND(COUNTIFS(质量明细!$C$2:$C$2000,$A7,质量明细!$D$2:$D$2000,"通过")/COUNTIF(质量明细!$C$2:$C$2000,$A7)*100,1),"") | J7: =IFERROR(ROUND(COUNTIFS(长上下文明细!$B$2:$B$2000,$A7,长上下文明细!$D$2:$D$2000,"是")/COUNTIFS(长上下文明细!$B$2:$B$2000,$A7,长上下文明细!$D$2:$D$2000,"<>跳过")*100,1),"")
B8: =IFERROR(ROUND(AVERAGEIFS(性能明细!$D$2:$D$2000,性能明细!$C$2:$C$2000,$A8,性能明细!$O$2:$O$2000,""),1),"") | E8: =IFERROR(ROUND(AVERAGEIFS(性能明细!$I$2:$I$2000,性能明细!$C$2:$C$2000,$A8,性能明细!$O$2:$O$2000,""),2),"") | F8: =IFERROR(ROUND(AVERAGEIFS(性能明细!$F$2:$F$2000,性能明细!$C$2:$C$2000,$A8,性能明细!$O$2:$O$2000,""),1),"") | G8: =IFERROR(ROUND(COUNTIFS(性能明细!$C$2:$C$2000,$A8,性能明细!$O$2:$O$2000,"error")/COUNTIF(性能明细!$C$2:$C$2000,$A8)*100,1),"") | H8: =IFERROR(ROUND(COUNTIFS(兼容性明细!$C$2:$C$2000,$A8,兼容性明细!$D$2:$D$2000,"通过")/COUNTIF(兼容性明细!$C$2:$C$2000,$A8)*100,1),"") | I8: =IFERROR(ROUND(COUNTIFS(质量明细!$C$2:$C$2000,$A8,质量明细!$D$2:$D$2000,"通过")/COUNTIF(质量明细!$C$2:$C$2000,$A8)*100,1),"") | J8: =IFERROR(ROUND(COUNTIFS(长上下文明细!$B$2:$B$2000,$A8,长上下文明细!$D$2:$D$2000,"是")/COUNTIFS(长上下文明细!$B$2:$B$2000,$A8,长上下文明细!$D$2:$D$2000,"<>跳过")*100,1),"")
B9: =IFERROR(ROUND(AVERAGEIFS(性能明细!$D$2:$D$2000,性能明细!$C$2:$C$2000,$A9,性能明细!$O$2:$O$2000,""),1),"") | E9: =IFERROR(ROUND(AVERAGEIFS(性能明细!$I$2:$I$2000,性能明细!$C$2:$C$2000,$A9,性能明细!$O$2:$O$2000,""),2),"") | F9: =IFERROR(ROUND(AVERAGEIFS(性能明细!$F$2:$F$2000,性能明细!$C$2:$C$2000,$A9,性能明细!$O$2:$O$2000,""),1),"") | G9: =IFERROR(ROUND(COUNTIFS(性能明细!$C$2:$C$2000,$A9,性能明细!$O$2:$O$2000,"error")/COUNTIF(性能明细!$C$2:$C$2000,$A9)*100,1),"") | H9: =IFERROR(ROUND(COUNTIFS(兼容性明细!$C$2:$C$2000,$A9,兼容性明细!$D$2:$D$2000,"通过")/COUNTIF(兼容性明细!$C$2:$C$2000,$A9)*100,1),"") | I9: =IFERROR(ROUND(COUNTIFS(质量明细!$C$2:$C$2000,$A9,质量明细!$D$2:$D$2000,"通过")/COUNTIF(质量明细!$C$2:$C$2000,$A9)*100,1),"") | J9: =IFERROR(ROUND(COUNTIFS(长上下文明细!$B$2:$B$2000,$A9,长上下文明细!$D$2:$D$2000,"是")/COUNTIFS(长上下文明细!$B$2:$B$2000,$A9,长上下文明细!$D$2:$D$2000,"<>跳过")*100,1),"")
B10: =IFERROR(ROUND(AVERAGEIFS(性能明细!$D$2:$D$2000,性能明细!$C$2:$C$2000,$A10,性能明细!$O$2:$O$2000,""),1),"") | E10: =IFERROR(ROUND(AVERAGEIFS(性能明细!$I$2:$I$2000,性能明细!$C$2:$C$2000,$A10,性能明细!$O$2:$O$2000,""),2),"") | F10: =IFERROR(ROUND(AVERAGEIFS(性能明细!$F$2:$F$2000,性能明细!$C$2:$C$2000,$A10,性能明细!$O$2:$O$2000,""),1),"") | G10: =IFERROR(ROUND(COUNTIFS(性能明细!$C$2:$C$2000,$A10,性能明细!$O$2:$O$2000,"error")/COUNTIF(性能明细!$C$2:$C$2000,$A10)*100,1),"") | H10: =IFERROR(ROUND(COUNTIFS(兼容性明细!$C$2:$C$2000,$A10,兼容性明细!$D$2:$D$2000,"通过")/COUNTIF(兼容性明细!$C$2:$C$2000,$A10)*100,1),"") | I10: =IFERROR(ROUND(COUNTIFS(质量明细!$C$2:$C$2000,$A10,质量明细!$D$2:$D$2000,"通过")/COUNTIF(质量明细!$C$2:$C$2000,$A10)*100,1),"") | J10: =IFERROR(ROUND(COUNTIFS(长上下文明细!$B$2:$B$2000,$A10,长上下文明细!$D$2:$D$2000,"是")/COUNTIFS(长上下文明细!$B$2:$B$2000,$A10,长上下文明细!$D$2:$D$2000,"<>跳过")*100,1),"")
B11: =IFERROR(ROUND(AVERAGEIFS(性能明细!$D$2:$D$2000,性能明细!$C$2:$C$2000,$A11,性能明细!$O$2:$O$2000,""),1),"") | E11: =IFERROR(ROUND(AVERAGEIFS(性能明细!$I$2:$I$2000,性能明细!$C$2:$C$2000,$A11,性能明细!$O$2:$O$2000,""),2),"") | F11: =IFERROR(ROUND(AVERAGEIFS(性能明细!$F$2:$F$2000,性能明细!$C$2:$C$2000,$A11,性能明细!$O$2:$O$2000,""),1),"") | G11: =IFERROR(ROUND(COUNTIFS(性能明细!$C$2:$C$2000,$A11,性能明细!$O$2:$O$2000,"error")/COUNTIF(性能明细!$C$2:$C$2000,$A11)*100,1),"") | H11: =IFERROR(ROUND(COUNTIFS(兼容性明细!$C$2:$C$2000,$A11,兼容性明细!$D$2:$D$2000,"通过")/COUNTIF(兼容性明细!$C$2:$C$2000,$A11)*100,1),"") | I11: =IFERROR(ROUND(COUNTIFS(质量明细!$C$2:$C$2000,$A11,质量明细!$D$2:$D$2000,"通过")/COUNTIF(质量明细!$C$2:$C$2000,$A11)*100,1),"") | J11: =IFERROR(ROUND(COUNTIFS(长上下文明细!$B$2:$B$2000,$A11,长上下文明细!$D$2:$D$2000,"是")/COUNTIFS(长上下文明细!$B$2:$B$2000,$A11,长上下文明细!$D$2:$D$2000,"<>跳过")*100,1),"")
B12: =IFERROR(ROUND(AVERAGEIFS(性能明细!$D$2:$D$2000,性能明细!$C$2:$C$2000,$A12,性能明细!$O$2:$O$2000,""),1),"") | E12: =IFERROR(ROUND(AVERAGEIFS(性能明细!$I$2:$I$2000,性能明细!$C$2:$C$2000,$A12,性能明细!$O$2:$O$2000,""),2),"") | F12: =IFERROR(ROUND(AVERAGEIFS(性能明细!$F$2:$F$2000,性能明细!$C$2:$C$2000,$A12,性能明细!$O$2:$O$2000,""),1),"") | G12: =IFERROR(ROUND(COUNTIFS(性能明细!$C$2:$C$2000,$A12,性能明细!$O$2:$O$2000,"error")/COUNTIF(性能明细!$C$2:$C$2000,$A12)*100,1),"") | H12: =IFERROR(ROUND(COUNTIFS(兼容性明细!$C$2:$C$2000,$A12,兼容性明细!$D$2:$D$2000,"通过")/COUNTIF(兼容性明细!$C$2:$C$2000,$A12)*100,1),"") | I12: =IFERROR(ROUND(COUNTIFS(质量明细!$C$2:$C$2000,$A12,质量明细!$D$2:$D$2000,"通过")/COUNTIF(质量明细!$C$2:$C$2000,$A12)*100,1),"") | J12: =IFERROR(ROUND(COUNTIFS(长上下文明细!$B$2:$B$2000,$A12,长上下文明细!$D$2:$D$2000,"是")/COUNTIFS(长上下文明细!$B$2:$B$2000,$A12,长上下文明细!$D$2:$D$2000,"<>跳过")*100,1),"")
B13: =IFERROR(ROUND(AVERAGEIFS(性能明细!$D$2:$D$2000,性能明细!$C$2:$C$2000,$A13,性能明细!$O$2:$O$2000,""),1),"") | E13: =IFERROR(ROUND(AVERAGEIFS(性能明细!$I$2:$I$2000,性能明细!$C$2:$C$2000,$A13,性能明细!$O$2:$O$2000,""),2),"") | F13: =IFERROR(ROUND(AVERAGEIFS(性能明细!$F$2:$F$2000,性能明细!$C$2:$C$2000,$A13,性能明细!$O$2:$O$2000,""),1),"") | G13: =IFERROR(ROUND(COUNTIFS(性能明细!$C$2:$C$2000,$A13,性能明细!$O$2:$O$2000,"error")/COUNTIF(性能明细!$C$2:$C$2000,$A13)*100,1),"") | H13: =IFERROR(ROUND(COUNTIFS(兼容性明细!$C$2:$C$2000,$A13,兼容性明细!$D$2:$D$2000,"通过")/COUNTIF(兼容性明细!$C$2:$C$2000,$A13)*100,1),"") | I13: =IFERROR(ROUND(COUNTIFS(质量明细!$C$2:$C$2000,$A13,质量明细!$D$2:$D$2000,"通过")/COUNTIF(质量明细!$C$2:$C$2000,$A13)*100,1),"") | J13: =IFERROR(ROUND(COUNTIFS(长上下文明细!$B$2:$B$2000,$A13,长上下文明细!$D$2:$D$2000,"是")/COUNTIFS(长上下文明细!$B$2:$B$2000,$A13,长上下文明细!$D$2:$D$2000,"<>跳过")*100,1),"")
B14: =IFERROR(ROUND(AVERAGEIFS(性能明细!$D$2:$D$2000,性能明细!$C$2:$C$2000,$A14,性能明细!$O$2:$O$2000,""),1),"") | E14: =IFERROR(ROUND(AVERAGEIFS(性能明细!$I$2:$I$2000,性能明细!$C$2:$C$2000,$A14,性能明细!$O$2:$O$2000,""),2),"") | F14: =IFERROR(ROUND(AVERAGEIFS(性能明细!$F$2:$F$2000,性能明细!$C$2:$C$2000,$A14,性能明细!$O$2:$O$2000,""),1),"") | G14: =IFERROR(ROUND(COUNTIFS(性能明细!$C$2:$C$2000,$A14,性能明细!$O$2:$O$2000,"error")/COUNTIF(性能明细!$C$2:$C$2000,$A14)*100,1),"") | H14: =IFERROR(ROUND(COUNTIFS(兼容性明细!$C$2:$C$2000,$A14,兼容性明细!$D$2:$D$2000,"通过")/COUNTIF(兼容性明细!$C$2:$C$2000,$A14)*100,1),"") | I14: =IFERROR(ROUND(COUNTIFS(质量明细!$C$2:$C$2000,$A14,质量明细!$D$2:$D$2000,"通过")/COUNTIF(质量明细!$C$2:$C$2000,$A14)*100,1),"") | J14: =IFERROR(ROUND(COUNTIFS(长上下文明细!$B$2:$B$2000,$A14,长上下文明细!$D$2:$D$2000,"是")/COUNTIFS(长上下文明细!$B$2:$B$2000,$A14,长上下文明细!$D$2:$D$2000,"<>跳过")*100,1),"")
B15: =IFERROR(ROUND(AVERAGEIFS(性能明细!$D$2:$D$2000,性能明细!$C$2:$C$2000,$A15,性能明细!$O$2:$O$2000,""),1),"") | E15: =IFERROR(ROUND(AVERAGEIFS(性能明细!$I$2:$I$2000,性能明细!$C$2:$C$2000,$A15,性能明细!$O$2:$O$2000,""),2),"") | F15: =IFERROR(ROUND(AVERAGEIFS(性能明细!$F$2:$F$2000,性能明细!$C$2:$C$2000,$A15,性能明细!$O$2:$O$2000,""),1),"") | G15: =IFERROR(ROUND(COUNTIFS(性能明细!$C$2:$C$2000,$A15,性能明细!$O$2:$O$2000,"error")/COUNTIF(性能明细!$C$2:$C$2000,$A15)*100,1),"") | H15: =IFERROR(ROUND(COUNTIFS(兼容性明细!$C$2:$C$2000,$A15,兼容性明细!$D$2:$D$2000,"通过")/COUNTIF(兼容性明细!$C$2:$C$2000,$A15)*100,1),"") | I15: =IFERROR(ROUND(COUNTIFS(质量明细!$C$2:$C$2000,$A15,质量明细!$D$2:$D$2000,"通过")/COUNTIF(质量明细!$C$2:$C$2000,$A15)*100,1),"") | J15: =IFERROR(ROUND(COUNTIFS(长上下文明细!$B$2:$B$2000,$A15,长上下文明细!$D$2:$D$2000,"是")/COUNTIFS(长上下文明细!$B$2:$B$2000,$A15,长上下文明细!$D$2:$D$2000,"<>跳过")*100,1),"")
... B21: =IFERROR(ROUND(AVERAGEIFS(性能明细!$D$2:$D$2000,性能明细!$C$2:$C$2000,$A21,性能明细!$O$2:$O$2000,""),1),"") | E21: =IFERROR(ROUND(AVERAGEIFS(性能明细!$I$2:$I$2000,性能明细!$C$2:$C$2000,$A21,性能明细!$O$2:$O$2000,""),2),"") | F21: =IFERROR(ROUND(AVERAGEIFS(性能明细!$F$2:$F$2000,性能明细!$C$2:$C$2000,$A21,性能明细!$O$2:$O$2000,""),1),"") | G21: =IFERROR(ROUND(COUNTIFS(性能明细!$C$2:$C$2000,$A21,性能明细!$O$2:$O$2000,"error")/COUNTIF(性能明细!$C$2:$C$2000,$A21)*100,1),"") | H21: =IFERROR(ROUND(COUNTIFS(兼容性明细!$C$2:$C$2000,$A21,兼容性明细!$D$2:$D$2000,"通过")/COUNTIF(兼容性明细!$C$2:$C$2000,$A21)*100,1),"") | I21: =IFERROR(ROUND(COUNTIFS(质量明细!$C$2:$C$2000,$A21,质量明细!$D$2:$D$2000,"通过")/COUNTIF(质量明细!$C$2:$C$2000,$A21)*100,1),"") | J21: =IFERROR(ROUND(COUNTIFS(长上下文明细!$B$2:$B$2000,$A21,长上下文明细!$D$2:$D$2000,"是")/COUNTIFS(长上下文明细!$B$2:$B$2000,$A21,长上下文明细!$D$2:$D$2000,"<>跳过")*100,1),"")

Sheet 性能明细
A1: 用例ID | B1: 分类 | C1: 模型@渠道 | D1: TTFT(ms) | E1: 内容TTFT(ms) | F1: E2E(ms) | G1: 生成耗时(ms) | H1: 输出tokens | I1: 速度(tok/s) | J1: 推理tokens | K1: 缓存tokens | L1: chunk数 | M1: chunk间隔均值(ms) | N1: chunk间隔std | O1: 错误类型 | P1: 错误详情
A2: perf_sis_hf_0124 | B2: 短输入短输出 | C2: EasyRouter(示例) | D2: 577 | E2: 692 | F2: 614 | G2: 50 | H2: 41 | I2: 820 | J2: 481 | K2: 0 | L2: 22 | M2: 2.3 | N2: 0.9
A3: perf_sil_hf_0159 | B3: 短输入长输出 | C3: EasyRouter(示例) | D3: 402 | E3: 482 | F3: 10848 | G3: 10446 | H3: 1504 | I3: 143.98 | J3: 632 | K3: 0 | L3: 9 | M3: 1160.7 | N3: 402.6
A4: perf_lis_hf_0050 | B4: 长输入短输出 | C4: EasyRouter(示例) | D4: 2152 | E4: 2582 | F4: 7139 | G4: 4987 | H4: 79 | I4: 15.84 | J4: 227 | K4: 120 | L4: 20 | M4: 249.3 | N4: 164
A5: perf_lil_hf_0051 | B5: 长输入长输出 | C5: EasyRouter(示例) | D5: 3732 | E5: 4478 | F5: 25746 | G5: 22014 | H5: 1112 | I5: 50.51 | J5: 659 | K5: 120 | L5: 25 | M5: 880.6 | N5: 620.6
A6: perf_sis_hf_0124 | B6: 短输入短输出 | C6: Mayi(示例) | D6: 340 | E6: 408 | F6: 1001 | G6: 661 | H6: 84 | I6: 127.08 | J6: 632 | K6: 0 | L6: 25 | M6: 26.4 | N6: 10
A7: perf_sil_hf_0159 | B7: 短输入长输出 | C7: Mayi(示例) | D7: 816 | E7: 979 | F7: 14149 | G7: 13333 | H7: 994 | I7: 74.55 | J7: 589 | K7: 0 | L7: 30 | M7: 444.4 | N7: 321.6
A8: perf_lis_hf_0050 | B8: 长输入短输出 | C8: Mayi(示例) | D8: 4092 | E8: 4910 | F8: 6216 | G8: 2124 | H8: 85 | I8: 40.02 | J8: 244 | K8: 120 | L8: 37 | M8: 57.4 | N8: 32.6
A9: perf_lil_hf_0051 | B9: 长输入长输出 | C9: Mayi(示例) | D9: 3575 | E9: 4290 | F9: 18782 | G9: 15207 | H9: 1282 | I9: 84.3 | J9: 500 | K9: 120 | L9: 31 | M9: 490.5 | N9: 288.7
A10: perf_lis_03 | B10: 长输入短输出 | C10: Mayi(示例) | O10: timeout | P10: 读超时（>180s）

Sheet 兼容性明细
A1: 用例ID | B1: 功能点 | C1: 模型@渠道 | D1: 结果 | E1: 失败表现/详情 | F1: 输出tokens | G1: 备注
A2: cmp_stream_hf | B2: stream_sse | C2: EasyRouter(示例) | D2: 通过 | F2: 55
A3: cmp_tools_hf | B3: function_calling | C3: EasyRouter(示例) | D3: 通过 | F3: 43
A4: cmp_json_hf | B4: json_mode | C4: EasyRouter(示例) | D4: 通过 | F4: 136
A5: cmp_system_hf | B5: system_prompt | C5: EasyRouter(示例) | D5: 通过 | F5: 168
A6: cmp_stop_hf | B6: stop_param | C6: EasyRouter(示例) | D6: 通过 | F6: 60
A7: cmp_stream_hf | B7: stream_sse | C7: Mayi(示例) | D7: 通过 | F7: 139
A8: cmp_tools_hf | B8: function_calling | C8: Mayi(示例) | D8: 通过 | F8: 71
A9: cmp_json_hf | B9: json_mode | C9: Mayi(示例) | D9: 通过 | F9: 214
A10: cmp_system_hf | B10: system_prompt | C10: Mayi(示例) | D10: 通过 | F10: 162
A11: cmp_stop_hf | B11: stop_param | C11: Mayi(示例) | D11: 通过 | F11: 252

Sheet 质量明细
A1: 用例ID | B1: 分类 | C1: 模型@渠道 | D1: 结果 | E1: 判分详情 | F1: 参考答案 | G1: 输出摘要 | H1: 备注
A2: quality_gsm8k_0037 | B2: math | C2: EasyRouter(示例) | D2: 通过 | E2: judge 命中 | F2: "2"
A3: quality_gsm8k_0038 | B3: math | C3: EasyRouter(示例) | D3: 通过 | E3: judge 命中 | F3: "10"
A4: quality_gsm8k_0039 | B4: math | C4: EasyRouter(示例) | D4: 通过 | E4: judge 命中 | F4: "18"
A5: quality_truthfulqa_0035 | B5: hallucination | C5: EasyRouter(示例) | D5: 通过 | E5: judge 命中 | F5: "B"
A6: quality_truthfulqa_0036 | B6: hallucination | C6: EasyRouter(示例) | D6: 通过 | E6: judge 命中 | F6: "B"
A7: quality_truthfulqa_0037 | B7: hallucination | C7: EasyRouter(示例) | D7: 通过 | E7: judge 命中 | F7: "B"
A8: quality_mmlu_cs_0015 | B8: reasoning | C8: EasyRouter(示例) | D8: 通过 | E8: judge 命中 | F8: "A"
A9: quality_mmlu_logic_0015 | B9: reasoning | C9: EasyRouter(示例) | D9: 通过 | E9: judge 命中 | F9: "C"
A10: quality_gsm8k_0037 | B10: math | C10: Mayi(示例) | D10: 失败 | E10: judge 未命中 | F10: "2"
A11: quality_gsm8k_0038 | B11: math | C11: Mayi(示例) | D11: 通过 | E11: judge 命中 | F11: "10"
A12: quality_gsm8k_0039 | B12: math | C12: Mayi(示例) | D12: 通过 | E12: judge 命中 | F12: "18"
A13: quality_truthfulqa_0035 | B13: hallucination | C13: Mayi(示例) | D13: 通过 | E13: judge 命中 | F13: "B"
... A17: quality_mmlu_logic_0015 | B17: reasoning | C17: Mayi(示例) | D17: 通过 | E17: judge 命中 | F17: "C"

Sheet 长上下文明细
A1: 用例ID | B1: 模型@渠道 | C1: 梯度(tokens) | D1: 检索成功 | E1: 针位置 | F1: 答案摘要 | G1: 输出tokens | H1: 备注
A2: lc_needle_10k | B2: EasyRouter(示例) | C2: 10000 | D2: 是 | E2: 0.25 | F2: 抽奖码（检索成功） | G2: 24
A3: lc_needle_64k | B3: EasyRouter(示例) | C3: 64000 | D3: 是 | E3: 0.75 | F3: 抽奖码（检索成功） | G3: 24
A4: lc_needle_128k | B4: EasyRouter(示例) | C4: 128000 | D4: 是 | E4: 0.5 | F4: 抽奖码（检索成功） | G4: 24
A5: lc_needle_10k | B5: Mayi(示例) | C5: 10000 | D5: 是 | E5: 0.25 | F5: 抽奖码（检索成功） | G5: 24
A6: lc_needle_64k | B6: Mayi(示例) | C6: 64000 | D6: 否 | E6: 0.75 | F6: （未命中） | G6: 24 | H6: 未检索到
A7: lc_needle_128k | B7: Mayi(示例) | C7: 128000 | D7: 跳过 | E7: 0.5 | F7: （未命中） | G7: 24 | H7: 超出标称上下文（64K）

Sheet 评分模型
A1: 模型@渠道 | B1: TTFT得分 | C1: 速度得分 | D1: E2E得分 | E1: 性能得分 | F1: 兼容得分 | G1: 质量得分 | H1: 长上下文得分 | I1: 总评分 | J1: 排名 | L1: 权重区（可修改）↓
A2: EasyRouter(示例) | B2: =IFERROR(ROUND(100*MIN(汇总表!$B$2:$B$21)/汇总表!B2,1),"") | C2: =IFERROR(ROUND(100*汇总表!E2/MAX(汇总表!$E$2:$E$21),1),"") | D2: =IFERROR(ROUND(100*MIN(汇总表!$F$2:$F$21)/汇总表!F2,1),"") | E2: =IFERROR(ROUND(AVERAGE(B2:D2),1),"") | F2: =IFERROR(ROUND(汇总表!H2,1),"") | G2: =IFERROR(ROUND(汇总表!I2,1),"") | H2: =IFERROR(ROUND(汇总表!J2,1),"") | I2: =IF(OR(ISNUMBER(E2),ISNUMBER(F2),ISNUMBER(G2),ISNUMBER(H2)),ROUND(IFERROR(E2,0)*$M$2+IFERROR(F2,0)*$M$3+IFERROR(G2,0)*$M$4+IFERROR(H2,0)*$M$5,1),"") | J2: =IF(ISNUMBER(I2),RANK(I2,$I$2:$I$21),"") | L2: 性能权重 | M2: 0.3
A3: Mayi(示例) | B3: =IFERROR(ROUND(100*MIN(汇总表!$B$2:$B$21)/汇总表!B3,1),"") | C3: =IFERROR(ROUND(100*汇总表!E3/MAX(汇总表!$E$2:$E$21),1),"") | D3: =IFERROR(ROUND(100*MIN(汇总表!$F$2:$F$21)/汇总表!F3,1),"") | E3: =IFERROR(ROUND(AVERAGE(B3:D3),1),"") | F3: =IFERROR(ROUND(汇总表!H3,1),"") | G3: =IFERROR(ROUND(汇总表!I3,1),"") | H3: =IFERROR(ROUND(汇总表!J3,1),"") | I3: =IF(OR(ISNUMBER(E3),ISNUMBER(F3),ISNUMBER(G3),ISNUMBER(H3)),ROUND(IFERROR(E3,0)*$M$2+IFERROR(F3,0)*$M$3+IFERROR(G3,0)*$M$4+IFERROR(H3,0)*$M$5,1),"") | J3: =IF(ISNUMBER(I3),RANK(I3,$I$2:$I$21),"") | L3: 兼容权重 | M3: 0.2
B4: =IFERROR(ROUND(100*MIN(汇总表!$B$2:$B$21)/汇总表!B4,1),"") | C4: =IFERROR(ROUND(100*汇总表!E4/MAX(汇总表!$E$2:$E$21),1),"") | D4: =IFERROR(ROUND(100*MIN(汇总表!$F$2:$F$21)/汇总表!F4,1),"") | E4: =IFERROR(ROUND(AVERAGE(B4:D4),1),"") | F4: =IFERROR(ROUND(汇总表!H4,1),"") | G4: =IFERROR(ROUND(汇总表!I4,1),"") | H4: =IFERROR(ROUND(汇总表!J4,1),"") | I4: =IF(OR(ISNUMBER(E4),ISNUMBER(F4),ISNUMBER(G4),ISNUMBER(H4)),ROUND(IFERROR(E4,0)*$M$2+IFERROR(F4,0)*$M$3+IFERROR(G4,0)*$M$4+IFERROR(H4,0)*$M$5,1),"") | J4: =IF(ISNUMBER(I4),RANK(I4,$I$2:$I$21),"") | L4: 质量权重 | M4: 0.3
B5: =IFERROR(ROUND(100*MIN(汇总表!$B$2:$B$21)/汇总表!B5,1),"") | C5: =IFERROR(ROUND(100*汇总表!E5/MAX(汇总表!$E$2:$E$21),1),"") | D5: =IFERROR(ROUND(100*MIN(汇总表!$F$2:$F$21)/汇总表!F5,1),"") | E5: =IFERROR(ROUND(AVERAGE(B5:D5),1),"") | F5: =IFERROR(ROUND(汇总表!H5,1),"") | G5: =IFERROR(ROUND(汇总表!I5,1),"") | H5: =IFERROR(ROUND(汇总表!J5,1),"") | I5: =IF(OR(ISNUMBER(E5),ISNUMBER(F5),ISNUMBER(G5),ISNUMBER(H5)),ROUND(IFERROR(E5,0)*$M$2+IFERROR(F5,0)*$M$3+IFERROR(G5,0)*$M$4+IFERROR(H5,0)*$M$5,1),"") | J5: =IF(ISNUMBER(I5),RANK(I5,$I$2:$I$21),"") | L5: 长上下文权重 | M5: 0.2
B6: =IFERROR(ROUND(100*MIN(汇总表!$B$2:$B$21)/汇总表!B6,1),"") | C6: =IFERROR(ROUND(100*汇总表!E6/MAX(汇总表!$E$2:$E$21),1),"") | D6: =IFERROR(ROUND(100*MIN(汇总表!$F$2:$F$21)/汇总表!F6,1),"") | E6: =IFERROR(ROUND(AVERAGE(B6:D6),1),"") | F6: =IFERROR(ROUND(汇总表!H6,1),"") | G6: =IFERROR(ROUND(汇总表!I6,1),"") | H6: =IFERROR(ROUND(汇总表!J6,1),"") | I6: =IF(OR(ISNUMBER(E6),ISNUMBER(F6),ISNUMBER(G6),ISNUMBER(H6)),ROUND(IFERROR(E6,0)*$M$2+IFERROR(F6,0)*$M$3+IFERROR(G6,0)*$M$4+IFERROR(H6,0)*$M$5,1),"") | J6: =IF(ISNUMBER(I6),RANK(I6,$I$2:$I$21),"")
B7: =IFERROR(ROUND(100*MIN(汇总表!$B$2:$B$21)/汇总表!B7,1),"") | C7: =IFERROR(ROUND(100*汇总表!E7/MAX(汇总表!$E$2:$E$21),1),"") | D7: =IFERROR(ROUND(100*MIN(汇总表!$F$2:$F$21)/汇总表!F7,1),"") | E7: =IFERROR(ROUND(AVERAGE(B7:D7),1),"") | F7: =IFERROR(ROUND(汇总表!H7,1),"") | G7: =IFERROR(ROUND(汇总表!I7,1),"") | H7: =IFERROR(ROUND(汇总表!J7,1),"") | I7: =IF(OR(ISNUMBER(E7),ISNUMBER(F7),ISNUMBER(G7),ISNUMBER(H7)),ROUND(IFERROR(E7,0)*$M$2+IFERROR(F7,0)*$M$3+IFERROR(G7,0)*$M$4+IFERROR(H7,0)*$M$5,1),"") | J7: =IF(ISNUMBER(I7),RANK(I7,$I$2:$I$21),"")
B8: =IFERROR(ROUND(100*MIN(汇总表!$B$2:$B$21)/汇总表!B8,1),"") | C8: =IFERROR(ROUND(100*汇总表!E8/MAX(汇总表!$E$2:$E$21),1),"") | D8: =IFERROR(ROUND(100*MIN(汇总表!$F$2:$F$21)/汇总表!F8,1),"") | E8: =IFERROR(ROUND(AVERAGE(B8:D8),1),"") | F8: =IFERROR(ROUND(汇总表!H8,1),"") | G8: =IFERROR(ROUND(汇总表!I8,1),"") | H8: =IFERROR(ROUND(汇总表!J8,1),"") | I8: =IF(OR(ISNUMBER(E8),ISNUMBER(F8),ISNUMBER(G8),ISNUMBER(H8)),ROUND(IFERROR(E8,0)*$M$2+IFERROR(F8,0)*$M$3+IFERROR(G8,0)*$M$4+IFERROR(H8,0)*$M$5,1),"") | J8: =IF(ISNUMBER(I8),RANK(I8,$I$2:$I$21),"")
B9: =IFERROR(ROUND(100*MIN(汇总表!$B$2:$B$21)/汇总表!B9,1),"") | C9: =IFERROR(ROUND(100*汇总表!E9/MAX(汇总表!$E$2:$E$21),1),"") | D9: =IFERROR(ROUND(100*MIN(汇总表!$F$2:$F$21)/汇总表!F9,1),"") | E9: =IFERROR(ROUND(AVERAGE(B9:D9),1),"") | F9: =IFERROR(ROUND(汇总表!H9,1),"") | G9: =IFERROR(ROUND(汇总表!I9,1),"") | H9: =IFERROR(ROUND(汇总表!J9,1),"") | I9: =IF(OR(ISNUMBER(E9),ISNUMBER(F9),ISNUMBER(G9),ISNUMBER(H9)),ROUND(IFERROR(E9,0)*$M$2+IFERROR(F9,0)*$M$3+IFERROR(G9,0)*$M$4+IFERROR(H9,0)*$M$5,1),"") | J9: =IF(ISNUMBER(I9),RANK(I9,$I$2:$I$21),"")
B10: =IFERROR(ROUND(100*MIN(汇总表!$B$2:$B$21)/汇总表!B10,1),"") | C10: =IFERROR(ROUND(100*汇总表!E10/MAX(汇总表!$E$2:$E$21),1),"") | D10: =IFERROR(ROUND(100*MIN(汇总表!$F$2:$F$21)/汇总表!F10,1),"") | E10: =IFERROR(ROUND(AVERAGE(B10:D10),1),"") | F10: =IFERROR(ROUND(汇总表!H10,1),"") | G10: =IFERROR(ROUND(汇总表!I10,1),"") | H10: =IFERROR(ROUND(汇总表!J10,1),"") | I10: =IF(OR(ISNUMBER(E10),ISNUMBER(F10),ISNUMBER(G10),ISNUMBER(H10)),ROUND(IFERROR(E10,0)*$M$2+IFERROR(F10,0)*$M$3+IFERROR(G10,0)*$M$4+IFERROR(H10,0)*$M$5,1),"") | J10: =IF(ISNUMBER(I10),RANK(I10,$I$2:$I$21),"")
B11: =IFERROR(ROUND(100*MIN(汇总表!$B$2:$B$21)/汇总表!B11,1),"") | C11: =IFERROR(ROUND(100*汇总表!E11/MAX(汇总表!$E$2:$E$21),1),"") | D11: =IFERROR(ROUND(100*MIN(汇总表!$F$2:$F$21)/汇总表!F11,1),"") | E11: =IFERROR(ROUND(AVERAGE(B11:D11),1),"") | F11: =IFERROR(ROUND(汇总表!H11,1),"") | G11: =IFERROR(ROUND(汇总表!I11,1),"") | H11: =IFERROR(ROUND(汇总表!J11,1),"") | I11: =IF(OR(ISNUMBER(E11),ISNUMBER(F11),ISNUMBER(G11),ISNUMBER(H11)),ROUND(IFERROR(E11,0)*$M$2+IFERROR(F11,0)*$M$3+IFERROR(G11,0)*$M$4+IFERROR(H11,0)*$M$5,1),"") | J11: =IF(ISNUMBER(I11),RANK(I11,$I$2:$I$21),"")
B12: =IFERROR(ROUND(100*MIN(汇总表!$B$2:$B$21)/汇总表!B12,1),"") | C12: =IFERROR(ROUND(100*汇总表!E12/MAX(汇总表!$E$2:$E$21),1),"") | D12: =IFERROR(ROUND(100*MIN(汇总表!$F$2:$F$21)/汇总表!F12,1),"") | E12: =IFERROR(ROUND(AVERAGE(B12:D12),1),"") | F12: =IFERROR(ROUND(汇总表!H12,1),"") | G12: =IFERROR(ROUND(汇总表!I12,1),"") | H12: =IFERROR(ROUND(汇总表!J12,1),"") | I12: =IF(OR(ISNUMBER(E12),ISNUMBER(F12),ISNUMBER(G12),ISNUMBER(H12)),ROUND(IFERROR(E12,0)*$M$2+IFERROR(F12,0)*$M$3+IFERROR(G12,0)*$M$4+IFERROR(H12,0)*$M$5,1),"") | J12: =IF(ISNUMBER(I12),RANK(I12,$I$2:$I$21),"")
B13: =IFERROR(ROUND(100*MIN(汇总表!$B$2:$B$21)/汇总表!B13,1),"") | C13: =IFERROR(ROUND(100*汇总表!E13/MAX(汇总表!$E$2:$E$21),1),"") | D13: =IFERROR(ROUND(100*MIN(汇总表!$F$2:$F$21)/汇总表!F13,1),"") | E13: =IFERROR(ROUND(AVERAGE(B13:D13),1),"") | F13: =IFERROR(ROUND(汇总表!H13,1),"") | G13: =IFERROR(ROUND(汇总表!I13,1),"") | H13: =IFERROR(ROUND(汇总表!J13,1),"") | I13: =IF(OR(ISNUMBER(E13),ISNUMBER(F13),ISNUMBER(G13),ISNUMBER(H13)),ROUND(IFERROR(E13,0)*$M$2+IFERROR(F13,0)*$M$3+IFERROR(G13,0)*$M$4+IFERROR(H13,0)*$M$5,1),"") | J13: =IF(ISNUMBER(I13),RANK(I13,$I$2:$I$21),"")
B14: =IFERROR(ROUND(100*MIN(汇总表!$B$2:$B$21)/汇总表!B14,1),"") | C14: =IFERROR(ROUND(100*汇总表!E14/MAX(汇总表!$E$2:$E$21),1),"") | D14: =IFERROR(ROUND(100*MIN(汇总表!$F$2:$F$21)/汇总表!F14,1),"") | E14: =IFERROR(ROUND(AVERAGE(B14:D14),1),"") | F14: =IFERROR(ROUND(汇总表!H14,1),"") | G14: =IFERROR(ROUND(汇总表!I14,1),"") | H14: =IFERROR(ROUND(汇总表!J14,1),"") | I14: =IF(OR(ISNUMBER(E14),ISNUMBER(F14),ISNUMBER(G14),ISNUMBER(H14)),ROUND(IFERROR(E14,0)*$M$2+IFERROR(F14,0)*$M$3+IFERROR(G14,0)*$M$4+IFERROR(H14,0)*$M$5,1),"") | J14: =IF(ISNUMBER(I14),RANK(I14,$I$2:$I$21),"")
B15: =IFERROR(ROUND(100*MIN(汇总表!$B$2:$B$21)/汇总表!B15,1),"") | C15: =IFERROR(ROUND(100*汇总表!E15/MAX(汇总表!$E$2:$E$21),1),"") | D15: =IFERROR(ROUND(100*MIN(汇总表!$F$2:$F$21)/汇总表!F15,1),"") | E15: =IFERROR(ROUND(AVERAGE(B15:D15),1),"") | F15: =IFERROR(ROUND(汇总表!H15,1),"") | G15: =IFERROR(ROUND(汇总表!I15,1),"") | H15: =IFERROR(ROUND(汇总表!J15,1),"") | I15: =IF(OR(ISNUMBER(E15),ISNUMBER(F15),ISNUMBER(G15),ISNUMBER(H15)),ROUND(IFERROR(E15,0)*$M$2+IFERROR(F15,0)*$M$3+IFERROR(G15,0)*$M$4+IFERROR(H15,0)*$M$5,1),"") | J15: =IF(ISNUMBER(I15),RANK(I15,$I$2:$I$21),"")
B16: =IFERROR(ROUND(100*MIN(汇总表!$B$2:$B$21)/汇总表!B16,1),"") | C16: =IFERROR(ROUND(100*汇总表!E16/MAX(汇总表!$E$2:$E$21),1),"") | D16: =IFERROR(ROUND(100*MIN(汇总表!$F$2:$F$21)/汇总表!F16,1),"") | E16: =IFERROR(ROUND(AVERAGE(B16:D16),1),"") | F16: =IFERROR(ROUND(汇总表!H16,1),"") | G16: =IFERROR(ROUND(汇总表!I16,1),"") | H16: =IFERROR(ROUND(汇总表!J16,1),"") | I16: =IF(OR(ISNUMBER(E16),ISNUMBER(F16),ISNUMBER(G16),ISNUMBER(H16)),ROUND(IFERROR(E16,0)*$M$2+IFERROR(F16,0)*$M$3+IFERROR(G16,0)*$M$4+IFERROR(H16,0)*$M$5,1),"") | J16: =IF(ISNUMBER(I16),RANK(I16,$I$2:$I$21),"")
B17: =IFERROR(ROUND(100*MIN(汇总表!$B$2:$B$21)/汇总表!B17,1),"") | C17: =IFERROR(ROUND(100*汇总表!E17/MAX(汇总表!$E$2:$E$21),1),"") | D17: =IFERROR(ROUND(100*MIN(汇总表!$F$2:$F$21)/汇总表!F17,1),"") | E17: =IFERROR(ROUND(AVERAGE(B17:D17),1),"") | F17: =IFERROR(ROUND(汇总表!H17,1),"") | G17: =IFERROR(ROUND(汇总表!I17,1),"") | H17: =IFERROR(ROUND(汇总表!J17,1),"") | I17: =IF(OR(ISNUMBER(E17),ISNUMBER(F17),ISNUMBER(G17),ISNUMBER(H17)),ROUND(IFERROR(E17,0)*$M$2+IFERROR(F17,0)*$M$3+IFERROR(G17,0)*$M$4+IFERROR(H17,0)*$M$5,1),"") | J17: =IF(ISNUMBER(I17),RANK(I17,$I$2:$I$21),"")
... B21: =IFERROR(ROUND(100*MIN(汇总表!$B$2:$B$21)/汇总表!B21,1),"") | C21: =IFERROR(ROUND(100*汇总表!E21/MAX(汇总表!$E$2:$E$21),1),"") | D21: =IFERROR(ROUND(100*MIN(汇总表!$F$2:$F$21)/汇总表!F21,1),"") | E21: =IFERROR(ROUND(AVERAGE(B21:D21),1),"") | F21: =IFERROR(ROUND(汇总表!H21,1),"") | G21: =IFERROR(ROUND(汇总表!I21,1),"") | H21: =IFERROR(ROUND(汇总表!J21,1),"") | I21: =IF(OR(ISNUMBER(E21),ISNUMBER(F21),ISNUMBER(G21),ISNUMBER(H21)),ROUND(IFERROR(E21,0)*$M$2+IFERROR(F21,0)*$M$3+IFERROR(G21,0)*$M$4+IFERROR(H21,0)*$M$5,1),"") | J21: =IF(ISNUMBER(I21),RANK(I21,$I$2:$I$21),"")
